date,open,high,close,low,volume,price_change,p_change,ma5,ma10,ma20,v_ma5,v_ma10,v_ma20
2018-09-20,11.72,11.92,11.78,11.62,187383.05,0.05,0.43,11.51,11.391,11.573,127715.45,122732.82,115210.33
2018-09-19,11.6,11.77,11.73,11.47,172530.62,0.26,2.27,11.428,11.362,11.567,112982.03,111831.84,115039.65
2018-09-18,11.22,11.52,11.47,11.14,121061.42,0.19,1.68,11.328,11.343,11.56,103609.18,103490.99,113484.06
2018-09-17,11.2,11.36,11.28,11.13,67825.3,-0.01,-0.09,11.236,11.373,11.561,102768.81,104228.79,121205.79
2018-09-14,11.39,11.47,11.29,11.29,89776.85,-0.08,-0.7,11.204,11.405,11.571,116369.9,108569.84,137227.13
2018-09-13,11.26,11.48,11.37,11.22,113715.94,0.14,1.25,11.272,11.46,11.644,117750.18,113769.08,138187.27
2018-09-12,11.05,11.34,11.23,11.01,125666.4,0.22,2.0,11.296,11.486,11.725,110681.65,113087.89,137321.35
2018-09-11,11.15,11.28,11.01,10.95,116859.56,-0.11,-0.99,11.358,11.556,11.823,103372.8,108001.71,136885.8
2018-09-10,11.56,11.57,11.12,11.1,135830.77,-0.51,-4.38,11.51,11.658,11.949,105688.77,105617.56,135307.92
2018-09-07,11.41,11.73,11.63,11.41,96678.24,0.14,1.22,11.606,11.749,12.075,100769.78,107905.06,134903.85
2018-09-06,11.52,11.69,11.49,11.42,78373.29,-0.05,-0.43,11.648,11.754,12.17,109787.98,107687.85,135864.57
2018-09-05,11.66,11.83,11.54,11.52,89122.13,-0.23,-1.95,11.676,11.772,12.27,115494.12,118247.46,139744.14
2018-09-04,11.59,11.86,11.77,11.59,128439.44,0.17,1.47,11.754,11.777,12.353,112630.62,123477.14,140634.26
2018-09-03,11.8,11.82,11.6,11.41,111235.81,-0.24,-2.03,11.806,11.749,12.444,105546.34,138182.79,140305.93
2018-08-31,11.64,12.06,11.84,11.64,141769.22,0.21,1.81,11.892,11.737,12.519,115040.34,165884.41,140472.21
2018-08-30,11.91,12.0,11.63,11.62,106903.99,-0.3,-2.52,11.86,11.828,12.589,105587.72,162605.46,138907.45
2018-08-29,12.0,12.1,11.93,11.89,74804.66,-0.1,-0.83,11.868,11.964,12.685,121000.8,161554.82,143684.12
2018-08-28,12.03,12.16,12.03,11.98,93018.01,0.0,0.0,11.8,12.09,12.794,134323.65,165769.89,147878.99
2018-08-27,11.77,12.12,12.03,11.7,158705.84,0.35,3.0,11.692,12.239,12.903,170819.25,164998.28,149512.21
2018-08-24,11.63,11.82,11.68,11.56,94506.12,0.01,0.09,11.582,12.401,13.019,216728.47,161902.63,147919.45
2018-08-23,11.85,12.0,11.67,11.6,183969.36,0.08,0.69,11.796,12.585,13.157,219623.2,164041.3,151378.33
2018-08-22,11.42,11.61,11.59,11.24,141418.94,0.1,0.87,12.06,12.768,13.308,202108.85,161240.83,149756.52
2018-08-21,11.48,11.57,11.49,10.91,275495.97,0.01,0.09,12.38,12.928,13.468,197216.12,157791.37,152932.87
2018-08-20,12.69,12.77,11.48,11.48,388251.97,-1.27,-9.96,12.786,13.138,13.635,159177.31,142429.08,153108.92
2018-08-17,13.12,13.26,12.75,12.72,108979.76,-0.24,-1.85,13.22,13.3,13.793,107076.79,115060.01,143394.21
2018-08-16,13.03,13.23,12.99,12.85,96397.6,-0.2,-1.52,13.374,13.349,13.874,108459.39,115209.43,144394.15
2018-08-15,13.49,13.49,13.19,13.13,116955.32,-0.33,-2.44,13.476,13.406,13.934,120372.81,125813.41,144587.61
2018-08-14,13.52,13.62,13.52,13.44,85301.89,-0.13,-0.95,13.476,13.497,13.988,118366.62,129988.09,146121.98
2018-08-13,13.31,13.65,13.65,13.23,127749.4,0.13,0.96,13.49,13.567,14.03,125680.84,134026.14,148426.86
2018-08-10,13.48,13.6,13.52,13.36,115892.76,0.02,0.15,13.38,13.637,14.075,123043.23,133936.26,148777.04
2018-08-09,13.2,13.73,13.5,13.1,155964.69,0.31,2.35,13.324,13.729,14.118,121959.47,138715.36,150640.37
2018-08-08,13.53,13.56,13.19,13.16,106924.37,-0.4,-2.94,13.336,13.848,14.172,131254.0,138272.2,155562.84
2018-08-07,13.16,13.6,13.59,13.06,121873.0,0.49,3.74,13.518,14.007,14.205,141609.55,148074.36,157696.31
2018-08-06,13.34,13.5,13.1,12.97,114561.33,-0.14,-1.06,13.644,14.132,14.24,142371.43,163788.77,157643.22
2018-08-03,13.56,13.63,13.24,13.2,110473.95,-0.32,-2.36,13.894,14.285,14.297,144829.3,171728.4,159808.63
2018-08-02,14.01,14.02,13.56,13.15,202437.36,-0.54,-3.83,14.134,14.399,14.327,155471.26,173578.86,160990.6
2018-08-01,14.27,14.51,14.1,13.98,158702.11,-0.12,-0.84,14.36,14.462,14.33,145290.4,163361.81,157196.75
2018-07-31,14.3,14.44,14.22,14.12,125682.42,-0.13,-0.91,14.496,14.478,14.324,154539.16,162255.87,156140.7
2018-07-30,14.47,14.64,14.35,14.25,126850.64,-0.09,-0.62,14.62,14.493,14.33,185206.1,162827.57,159298.85
2018-07-27,14.63,14.78,14.44,14.39,163683.77,-0.25,-1.7,14.676,14.513,14.303,198627.5,163617.82,161204.85
2018-07-26,14.86,14.92,14.69,14.63,151533.05,-0.09,-0.61,14.664,14.507,14.292,191686.46,162565.37,162360.92
2018-07-25,14.88,15.04,14.78,14.65,204945.94,-0.06,-0.4,14.564,14.495,14.241,181433.22,172853.48,160886.48
2018-07-24,14.63,15.08,14.84,14.49,279017.12,0.21,1.44,14.46,14.402,14.192,169972.58,167318.26,156611.96
2018-07-23,14.25,14.65,14.63,14.24,193957.62,0.25,1.74,14.366,14.348,14.146,140449.04,151497.66,149568.48
2018-07-20,14.12,14.43,14.38,14.02,128978.59,0.19,1.34,14.35,14.308,14.098,128608.13,147888.86,146427.55
2018-07-19,14.27,14.43,14.19,14.07,100266.83,-0.07,-0.49,14.35,14.255,14.083,133444.28,148402.34,146103.19
2018-07-18,14.4,14.6,14.26,14.24,147642.73,-0.11,-0.77,14.426,14.198,14.069,164273.73,151031.69,150466.33
2018-07-17,14.46,14.49,14.37,14.13,131399.45,-0.18,-1.24,14.344,14.17,14.08,164663.94,150025.53,155916.69
2018-07-16,14.45,14.63,14.55,14.37,134753.06,0.17,1.18,14.33,14.166,14.093,162546.28,155770.13,164655.86
2018-07-13,14.46,14.65,14.38,14.36,153159.33,-0.19,-1.3,14.266,14.093,14.175,167169.58,158791.88,166460.13
2018-07-12,13.88,14.82,14.57,13.86,254414.08,0.72,5.2,14.16,14.077,14.274,163360.39,162156.46,166502.63
2018-07-11,13.89,14.02,13.85,13.61,149593.77,-0.45,-3.15,13.97,13.987,14.374,137789.65,148919.49,162645.7
2018-07-10,14.28,14.32,14.3,14.11,120811.17,0.07,0.49,13.996,13.982,14.532,135387.12,145905.67,167263.41
2018-07-09,13.95,14.28,14.23,13.86,157869.55,0.38,2.74,14.002,13.943,14.64,148993.98,147639.31,171930.53
2018-07-06,13.67,14.09,13.85,13.44,134113.39,0.23,1.69,13.92,13.887,14.77,150414.17,144966.24,173692.04
2018-07-05,13.98,14.15,13.62,13.54,126560.37,-0.36,-2.58,13.994,13.91,14.922,160952.52,143804.04,183907.91
2018-07-04,14.25,14.25,13.98,13.92,137581.14,-0.35,-2.44,14.004,13.939,15.058,160049.32,149900.98,186469.39
2018-07-03,13.89,14.35,14.33,13.73,188845.45,0.51,3.69,13.968,13.99,15.177,156424.21,161807.86,190641.32
2018-07-02,14.18,14.33,13.82,13.71,164970.5,-0.4,-2.81,13.884,14.019,15.244,146284.63,173541.59,187778.7
2018-06-29,13.83,14.29,14.22,13.71,186805.16,0.55,4.02,13.854,14.256,15.333,139518.31,174128.38,190280.24
2018-06-28,13.8,14.05,13.67,13.56,122044.35,-0.13,-0.94,13.826,14.47,15.437,126655.56,170848.79,191406.43
2018-06-27,13.95,14.1,13.8,13.7,119455.59,-0.11,-0.79,13.874,14.76,15.539,139752.63,176371.92,197170.94
2018-06-26,13.45,14.05,13.91,13.31,138147.55,0.24,1.76,14.012,15.082,15.687,167191.51,188621.16,199186.4
2018-06-25,14.22,14.33,13.67,13.57,131138.91,-0.41,-2.91,14.154,15.337,15.822,200798.56,196221.75,199212.85
2018-06-22,13.82,14.19,14.08,13.48,122491.4,0.17,1.22,14.658,15.653,15.963,208738.44,202417.84,202438.02
2018-06-21,14.51,14.76,13.91,13.86,187529.72,-0.58,-4.0,15.114,15.934,16.109,215042.03,224011.78,204053.14
2018-06-20,14.56,14.88,14.49,13.79,256649.95,-0.13,-0.89,15.646,16.176,16.255,212991.2,223037.8,204930.5
2018-06-19,15.6,15.85,14.62,14.57,306182.81,-1.57,-9.7,16.152,16.364,16.395,210050.81,219474.79,200281.38
2018-06-15,16.38,16.66,16.19,15.92,170838.34,-0.17,-1.04,16.52,16.468,16.524,191644.93,202015.82,195577.92
2018-06-14,16.41,16.8,16.36,16.3,154009.31,-0.21,-1.27,16.648,16.409,16.572,196097.24,206432.1,195894.53
2018-06-13,17.01,17.01,16.57,16.55,177275.59,-0.45,-2.64,16.754,16.404,16.617,232981.53,211964.06,200559.74
2018-06-12,16.44,17.04,17.02,16.4,241947.98,0.56,3.4,16.706,16.318,16.646,233084.4,217969.97,213252.09
2018-06-11,16.88,17.09,16.46,16.39,214153.44,-0.37,-2.2,16.576,16.292,16.628,228898.76,209751.64,213120.81
2018-06-08,16.87,16.88,16.83,16.67,193099.88,-0.06,-0.35,16.416,16.307,16.636,212386.7,202203.96,218326.2
2018-06-07,16.37,17.05,16.89,16.36,338430.75,0.56,3.43,16.17,16.272,16.583,216766.96,202458.2,213539.48
2018-06-06,16.26,16.42,16.33,16.1,177789.94,-0.04,-0.24,16.054,16.283,16.529,190946.59,184094.5,203145.23
2018-06-05,15.7,16.38,16.37,15.7,221019.81,0.71,4.53,15.93,16.333,16.507,202855.54,186823.2,200023.93
2018-06-04,15.86,15.97,15.66,15.53,131593.11,0.06,0.39,16.008,16.425,16.495,190604.51,181087.98,197474.26
2018-06-01,16.16,16.18,15.6,15.3,215001.19,-0.71,-4.35,16.198,16.58,16.519,192021.22,189140.03,199292.42
2018-05-31,15.93,16.32,16.31,15.69,209328.88,0.6,3.82,16.374,16.735,16.536,188149.43,185356.96,198103.66
2018-05-30,16.4,16.42,15.71,15.61,237334.72,-1.05,-6.26,16.512,16.829,16.519,177242.41,189155.43,201215.49
2018-05-29,16.69,16.94,16.76,16.54,159764.66,0.15,0.9,16.736,16.974,16.499,170790.85,208534.21,197767.01
2018-05-28,16.52,16.85,16.61,16.43,138676.66,0.13,0.79,16.842,16.963,16.401,171571.44,216489.97,194745.72
2018-05-25,16.98,17.07,16.48,16.35,195642.23,-0.52,-3.06,16.962,16.964,16.305,186258.85,234448.45,196584.71
2018-05-24,16.93,17.17,17.0,16.89,154793.78,0.17,1.01,17.096,16.894,16.248,182564.48,224620.77,192547.79
2018-05-23,17.16,17.41,16.83,16.82,205076.91,-0.46,-2.66,17.146,16.774,16.169,201068.44,222195.96,191896.95
2018-05-22,17.14,17.54,17.29,17.1,163667.61,0.08,0.47,17.212,16.681,16.086,246277.57,213224.66,190269.42
2018-05-21,17.4,17.57,17.21,17.13,212113.7,0.06,0.35,17.084,16.565,15.97,261408.51,213860.55,188744.88
2018-05-18,17.11,17.27,17.15,16.84,177170.42,-0.1,-0.58,16.966,16.457,15.888,282638.05,209444.81,184983.43
2018-05-17,17.15,17.56,17.25,17.05,247313.58,0.09,0.52,16.692,16.336,15.795,266677.06,210850.36,183589.54
2018-05-16,16.71,17.59,17.16,16.58,431122.53,0.51,3.06,16.402,16.208,15.681,243323.47,213275.56,178596.93
2018-05-15,16.74,16.84,16.65,16.41,239322.31,0.03,0.18,16.15,16.024,15.603,180171.74,186999.81,162954.71
2018-05-14,15.81,16.66,16.62,15.81,318261.41,0.84,5.32,16.046,15.839,15.565,166312.59,173001.47,155506.42
2018-05-11,15.91,16.04,15.78,15.75,97365.49,-0.02,-0.13,15.948,15.646,15.525,136251.57,158720.97,147360.88
2018-05-10,15.98,16.07,15.8,15.63,130545.63,-0.1,-0.63,15.98,15.602,15.545,155023.65,160474.81,152595.36
2018-05-09,16.07,16.11,15.9,15.89,115363.88,-0.23,-1.43,16.014,15.563,15.545,183227.64,161597.94,153171.68
2018-05-08,16.08,16.46,16.13,16.0,170026.56,0.0,0.0,15.898,15.491,15.527,193827.88,167314.18,153755.61
2018-05-07,16.04,16.21,16.13,15.94,167956.28,0.19,1.19,15.632,15.374,15.508,179690.34,163629.2,152679.98
2018-05-04,16.18,16.25,15.94,15.8,191225.91,-0.03,-0.19,15.344,15.318,15.488,181190.37,160522.05,153165.25
2018-05-03,15.32,16.16,15.97,15.2,271565.59,0.65,4.24,15.224,15.253,15.497,165925.97,156328.72,153831.55
2018-05-02,14.85,15.32,15.32,14.8,168365.08,0.52,3.51,15.112,15.154,15.507,139968.24,143918.3,149160.12
2018-04-27,14.78,15.02,14.8,14.6,99338.84,0.11,0.75,15.084,15.181,15.521,140800.48,138909.61,146825.98
2018-04-26,15.25,15.25,14.69,14.68,175456.44,-0.65,-4.24,15.116,15.29,15.549,147568.07,138011.38,148809.35
2018-04-25,15.3,15.57,15.34,15.27,114903.88,-0.07,-0.45,15.292,15.404,15.601,139853.73,136000.79,149988.54
2018-04-24,15.2,15.46,15.41,15.01,141776.95,0.23,1.51,15.282,15.488,15.601,146731.47,144715.92,152665.18
2018-04-23,14.95,15.26,15.18,14.6,172526.28,0.22,1.47,15.196,15.526,15.581,147868.35,144745.41,159287.4
2018-04-20,15.31,15.55,14.96,14.94,133176.78,-0.61,-3.92,15.278,15.563,15.631,137018.74,140197.04,156542.88
2018-04-19,15.3,15.63,15.57,15.2,136884.77,0.28,1.83,15.464,15.641,15.699,128454.7,141730.75,157365.02
2018-04-18,15.11,15.35,15.29,14.56,149292.55,0.31,2.07,15.516,15.658,15.746,132147.85,145808.45,159860.24
2018-04-17,15.61,15.67,14.98,14.91,147461.39,-0.61,-3.91,15.694,15.741,15.824,142700.37,151334.39,158456.47
2018-04-16,15.81,15.84,15.59,15.46,118278.23,-0.3,-1.89,15.856,15.859,15.928,141622.47,154401.95,157042.62
2018-04-13,16.01,16.05,15.89,15.79,90356.54,0.06,0.38,15.848,15.86,16.005,143375.33,154742.34,157422.88
2018-04-12,16.08,16.27,15.83,15.82,155350.52,-0.35,-2.16,15.818,15.808,16.067,155006.81,159607.33,161447.73
2018-04-11,15.9,16.25,16.18,15.79,202055.19,0.39,2.47,15.8,15.797,16.156,159469.05,163976.28,162149.74
2018-04-10,15.67,15.83,15.79,15.46,142071.88,0.24,1.54,15.788,15.714,16.233,159968.41,160614.44,163949.73
2018-04-09,15.65,15.89,15.55,15.37,127042.53,-0.19,-1.21,15.862,15.635,16.324,167181.42,173829.39,167561.03
2018-04-04,15.78,16.25,15.74,15.73,148513.94,0.0,0.0,15.872,15.698,16.406,166109.35,172888.73,170824.76
2018-04-03,15.68,15.88,15.74,15.61,177661.7,-0.31,-1.93,15.798,15.757,16.492,164207.84,172999.28,172395.26
2018-04-02,16.3,16.58,16.12,16.1,204552.0,-0.04,-0.25,15.794,15.834,16.599,168483.51,173912.03,176103.29
2018-03-30,15.79,16.18,16.16,15.72,178136.92,0.56,3.59,15.64,15.907,16.669,161260.47,165578.54,175383.19
2018-03-29,15.5,15.72,15.6,15.43,121682.21,0.23,1.5,15.408,15.996,16.726,180477.35,159683.29,176674.16
2018-03-28,15.5,15.66,15.37,15.35,139006.36,-0.35,-2.23,15.524,16.15,16.806,179668.11,160103.41,179414.06
2018-03-27,15.5,15.87,15.72,15.5,199040.08,0.37,2.41,15.716,16.325,16.892,181790.73,163288.13,179045.54
2018-03-26,14.88,15.37,15.35,14.59,168436.8,0.35,2.33,15.874,16.515,16.952,179340.55,160323.2,178271.68
2018-03-23,15.38,15.66,15.0,14.69,274221.31,-1.18,-7.29,16.174,16.752,17.027,169896.6,167285.01,180940.93
2018-03-22,16.32,16.5,16.18,16.15,117635.98,-0.15,-0.92,16.584,17.013,17.083,138889.23,161292.68,171706.17
2018-03-21,16.6,16.86,16.33,16.31,149619.48,-0.18,-1.09,16.776,17.113,17.082,140538.72,168760.79,171842.4
2018-03-20,16.66,16.7,16.51,16.19,186789.2,-0.34,-2.02,16.934,17.226,17.061,144785.53,171791.25,167582.59
2018-03-19,17.06,17.13,16.85,16.8,121217.05,-0.2,-1.17,17.156,17.363,17.032,141305.85,178294.55,164549.08
2018-03-16,17.18,17.32,17.05,16.97,119184.43,-0.09,-0.53,17.33,17.431,16.985,164673.41,185187.83,167681.94
2018-03-15,17.04,17.31,17.14,16.91,125883.42,0.02,0.12,17.442,17.455,16.886,183696.13,193665.03,169007.57
2018-03-14,17.5,17.68,17.12,17.09,170853.56,-0.5,-2.84,17.45,17.462,16.809,196982.86,198724.72,169224.7
2018-03-13,17.71,17.9,17.62,17.61,169390.78,-0.1,-0.56,17.518,17.459,16.722,198796.96,194802.95,171084.23
2018-03-12,17.71,17.98,17.72,17.6,238054.88,0.11,0.62,17.57,17.389,16.59,215283.24,196220.16,174140.28
2018-03-09,17.1,17.61,17.61,17.1,214298.0,0.43,2.5,17.532,17.302,16.517,205702.25,194596.85,169988.6
2018-03-08,17.48,17.56,17.18,17.03,192317.08,-0.28,-1.6,17.468,17.153,16.472,203633.93,182119.65,168961.27
2018-03-07,17.88,17.88,17.46,17.33,179924.05,-0.42,-2.35,17.474,17.051,16.46,200466.57,174924.0,169350.02
2018-03-06,17.66,18.13,17.88,17.62,251822.2,0.35,2.0,17.4,16.895,16.446,190808.94,163373.93,177376.32
2018-03-05,17.57,17.95,17.53,17.48,190149.92,0.24,1.39,17.208,16.7,16.5,177157.09,150803.61,168936.09
2018-03-02,17.11,17.85,17.29,17.02,203956.38,0.08,0.47,17.072,16.539,16.574,183491.44,150176.04,173274.84
2018-03-01,16.79,17.35,17.21,16.72,176480.31,0.12,0.7,16.838,16.316,16.701,160605.38,144350.11,169521.77
2018-02-28,16.6,17.18,17.09,16.57,131635.91,0.17,1.0,16.628,16.155,16.839,149381.44,139724.69,170376.3
2018-02-27,16.95,17.37,16.92,16.89,183562.91,0.07,0.41,16.39,15.985,16.992,135938.92,147365.51,179203.79
2018-02-26,16.26,17.02,16.85,16.15,221821.69,0.73,4.53,16.192,15.791,17.11,124450.13,152060.4,176453.99
2018-02-23,16.23,16.28,16.12,16.08,89526.08,-0.04,-0.25,16.006,15.732,17.223,116860.64,145380.36,174643.57
2018-02-22,16.1,16.24,16.16,15.95,120360.59,0.26,1.64,15.794,15.79,17.382,128094.84,155802.89,177376.58
2018-02-14,15.95,16.0,15.9,15.77,64423.32,-0.03,-0.19,15.682,15.869,17.536,130067.94,163776.04,176728.65
2018-02-13,16.07,16.15,15.93,15.84,126118.99,0.01,0.06,15.58,15.996,17.712,158792.1,191378.71,182260.42
2018-02-12,15.22,16.07,15.92,15.22,183874.22,0.86,5.71,15.39,16.3,17.875,179670.67,187068.57,183262.4
2018-02-09,15.19,15.5,15.06,14.96,145697.09,-0.54,-3.46,15.458,16.608,18.035,173900.08,196373.64,183918.04
2018-02-08,15.41,15.74,15.6,15.37,130226.06,0.21,1.36,15.786,17.086,18.262,183510.93,194693.43,184242.81
2018-02-07,15.35,15.6,15.39,14.8,208044.16,0.41,2.74,16.056,17.523,18.49,197484.14,201027.91,184453.1
2018-02-06,15.73,16.05,14.98,14.95,230511.84,-1.28,-7.87,16.412,17.998,18.72,223965.31,211042.07,183229.87
2018-02-05,16.21,16.54,16.26,16.11,155021.25,-0.44,-2.63,17.21,18.428,18.997,194466.46,200847.58,182289.89
2018-02-02,16.82,17.12,16.7,16.5,193751.36,-0.25,-1.48,17.758,18.714,19.205,218847.21,203906.78,187405.48
2018-02-01,17.2,17.54,16.95,16.86,200092.08,-0.22,-1.28,18.386,18.973,19.357,205875.92,198950.27,185185.55
2018-01-31,18.5,18.5,17.17,17.08,340450.03,-1.8,-9.49,18.99,19.203,19.507,204571.69,189681.26,183099.83
2018-01-30,18.92,19.06,18.97,18.81,83017.56,-0.03,-0.16,19.584,19.428,19.648,198118.83,173142.14,176032.03
2018-01-29,19.77,19.86,19.0,18.8,276925.0,-0.84,-4.23,19.646,19.45,19.695,207228.7,179456.23,180987.14
2018-01-26,19.9,20.17,19.84,19.79,128894.93,-0.13,-0.65,19.67,19.461,19.73,188966.35,171462.44,177230.4
2018-01-25,20.13,20.23,19.97,19.9,193570.92,-0.17,-0.84,19.56,19.438,19.7,192024.63,173792.19,177807.41
2018-01-24,19.36,20.15,20.14,19.21,308185.72,0.86,4.46,19.416,19.456,19.658,174790.83,167878.29,176523.24
2018-01-23,19.12,19.41,19.28,19.12,128566.93,0.16,0.84,19.272,19.442,19.622,148165.44,155417.66,168872.59
2018-01-22,19.27,19.53,19.12,18.91,185613.23,-0.17,-0.88,19.254,19.566,19.614,151683.75,163732.21,171797.69
2018-01-19,19.01,19.49,19.29,19.0,144186.33,0.04,0.21,19.252,19.695,19.627,153958.53,170904.19,172411.72
2018-01-18,19.38,19.57,19.25,19.22,107401.93,-0.17,-0.88,19.316,19.74,19.631,155559.75,171420.82,180121.43
2018-01-17,19.29,19.74,19.42,18.9,175058.8,0.23,1.2,19.496,19.811,19.628,160965.74,176518.4,197706.73
2018-01-16,19.13,19.5,19.19,18.93,146158.48,0.08,0.42,19.612,19.867,19.672,162669.88,178921.93,196408.09
2018-01-15,19.58,19.8,19.11,18.96,196987.09,-0.5,-2.55,19.878,19.939,19.713,175780.66,182518.04,197810.63
2018-01-12,20.0,20.17,19.61,19.56,152192.44,-0.54,-2.68,20.138,19.999,19.766,187849.86,182998.37,206757.24
2018-01-11,20.0,20.33,20.15,19.8,134431.91,0.15,0.75,20.164,19.962,19.865,187281.89,181822.63,207778.24
2018-01-10,20.49,20.49,20.0,19.91,183579.48,-0.52,-2.53,20.126,19.859,19.958,192071.05,185168.2,208244.64
2018-01-09,20.42,20.57,20.52,20.07,211712.36,0.11,0.54,20.122,19.802,20.049,195173.97,182327.51,207424.85
2018-01-08,19.67,20.47,20.41,19.5,257333.09,0.67,3.39,20.0,19.662,20.128,189255.43,179863.18,206394.85
2018-01-05,19.9,20.06,19.74,19.68,149352.62,-0.22,-1.1,19.86,19.558,20.196,178146.89,173919.25,202779.34
2018-01-04,19.9,20.2,19.96,19.84,158377.7,-0.02,-0.1,19.76,19.521,20.277,176363.37,188822.05,213019.69
2018-01-03,20.0,20.25,19.98,19.83,199094.09,0.07,0.35,19.592,19.444,20.374,178265.36,218895.07,212880.53
2018-01-02,19.76,19.94,19.91,19.56,182119.66,0.2,1.01,19.482,19.477,20.477,169481.05,213894.25,211052.18
2017-12-29,19.25,19.75,19.71,19.2,201790.36,0.47,2.44,19.324,19.486,20.563,170470.93,213103.21,213523.54
2017-12-28,19.12,19.43,19.24,19.05,140435.03,0.12,0.63,19.256,19.533,20.66,169691.61,230516.11,220251.1
2017-12-27,19.42,19.62,19.12,19.09,167887.64,-0.31,-1.59,19.282,19.768,20.832,201280.72,233733.86,231766.78
2017-12-26,19.15,19.44,19.43,18.95,155172.56,0.31,1.62,19.296,20.056,21.086,259524.78,231321.07,243724.6
2017-12-25,19.21,19.55,19.12,19.04,187069.08,-0.25,-1.29,19.472,20.295,21.345,258307.45,232522.18,257844.24
2017-12-22,19.49,19.76,19.37,19.3,197893.72,0.0,0.0,19.648,20.593,21.597,255735.48,232926.52,265344.49
2017-12-21,19.06,19.55,19.37,18.79,298380.62,0.18,0.94,19.81,20.833,21.828,291340.61,231639.43,279253.1
2017-12-20,20.24,20.24,19.19,18.91,459107.91,-1.12,-5.51,20.254,21.033,22.134,266186.99,237217.33,287831.2
2017-12-19,20.1,20.42,20.31,20.03,149085.91,0.31,1.55,20.816,21.303,22.461,203117.36,206866.0,297517.03
2017-12-18,20.18,20.42,20.0,19.89,174209.23,-0.18,-0.89,21.118,21.476,22.681,206736.92,208210.1,312401.8
2017-12-15,21.52,21.56,20.18,20.0,375919.38,-1.41,-6.53,21.538,21.64,22.947,210117.56,213943.88,329867.31
2017-12-14,22.1,22.12,21.59,21.52,172612.5,-0.41,-1.86,21.856,21.787,23.188,171938.25,209986.09,341748.9
2017-12-13,21.7,22.12,22.0,21.6,143759.77,0.18,0.82,21.812,21.896,23.306,208247.67,229799.7,348582.5
2017-12-12,22.0,22.28,21.82,21.8,167183.72,-0.28,-1.27,21.79,22.116,23.394,210614.65,256128.14,356834.59
2017-12-11,21.77,22.3,22.1,21.76,191112.41,0.33,1.52,21.834,22.394,23.485,209683.28,283166.3,362530.54
2017-12-08,21.38,21.97,21.77,21.37,185022.84,0.4,1.87,21.742,22.6,23.573,217770.2,297762.45,372159.23
2017-12-07,21.89,22.65,21.37,21.29,354159.59,-0.52,-2.38,21.718,22.822,23.642,248033.93,326866.78,379853.61
2017-11-29,22.11,22.2,21.89,21.8,155594.67,-0.15,-0.68,21.98,23.235,23.736,251351.73,338445.08,387533.55
2017-11-28,21.8,22.17,22.04,21.67,162526.91,0.4,1.85,22.442,23.619,23.882,301641.63,388168.07,395975.5
2017-11-27,21.52,22.22,21.64,21.45,231547.0,-0.01,-0.05,22.954,23.886,24.04,356649.31,416593.49,403680.56
2017-11-24,22.54,22.85,21.65,21.64,336341.47,-1.03,-4.54,23.458,24.253,24.207,377754.71,445790.73,416885.64
2017-11-23,24.18,24.18,22.68,22.22,370748.62,-1.52,-6.28,23.926,24.588,24.408,405699.63,473511.71,420451.92
2017-11-22,24.39,24.88,24.2,23.88,407044.16,-0.4,-1.63,24.49,24.716,24.55,425538.42,467365.31,437640.24
2017-11-21,24.02,24.93,24.6,23.92,437565.31,0.44,1.82,24.796,24.671,24.591,474694.5,457541.03,448692.74
2017-11-20,23.39,24.32,24.16,23.08,337073.97,0.17,0.71,24.818,24.575,24.612,476537.67,441894.79,448592.61
2017-11-17,25.41,25.65,23.99,23.99,476066.09,-1.51,-5.92,25.048,24.546,24.661,513826.76,446556.01,454213.5
2017-11-16,25.4,25.65,25.5,24.96,469942.56,-0.23,-0.89,25.25,24.461,24.642,541323.79,432840.44,440640.47
2017-11-15,24.56,26.0,25.73,24.32,652824.56,1.02,4.13,24.942,24.237,24.537,509192.19,436622.03,436706.71
2017-11-14,25.2,25.4,24.71,24.2,446781.19,-0.6,-2.37,24.546,24.144,24.471,440387.56,403782.94,423442.04
2017-11-13,25.05,25.59,25.31,24.75,523519.38,0.31,1.24,24.332,24.193,24.468,407251.91,390767.63,419427.64
2017-11-10,24.1,25.17,25.0,23.99,613551.25,1.04,4.34,24.044,24.161,24.415,379285.26,387980.55,422448.13
2017-11-09,23.67,23.96,23.96,23.16,309284.59,0.21,0.88,23.672,24.228,24.411,324357.09,367392.13,422953.68
2017-11-08,23.63,24.13,23.75,23.5,308801.41,0.11,0.47,23.532,24.384,24.409,364051.87,407915.18,437297.55
2017-11-07,23.76,23.9,23.64,23.3,281102.91,-0.23,-0.96,23.742,24.51,24.387,367178.31,439844.46,440281.1
2017-11-06,23.24,24.0,23.87,22.91,383686.16,0.73,3.15,24.054,24.648,24.398,374283.35,455290.44,449627.55
2017-11-03,23.26,23.67,23.14,23.1,338910.38,-0.12,-0.52,24.278,24.776,24.384,396675.83,461870.98,458807.42
2017-11-02,24.58,24.6,23.26,23.22,507758.47,-1.54,-6.21,24.784,24.823,24.353,410427.16,448440.5,452745.25
2017-11-01,24.98,25.38,24.8,24.73,324433.62,-0.4,-1.59,25.236,24.837,24.326,451778.49,436791.39,445272.75
2017-10-31,25.11,25.37,25.2,24.66,316628.12,0.21,0.84,25.278,24.798,24.19,512510.6,443101.14,437712.77
2017-10-30,25.68,26.09,24.99,24.6,495648.56,-0.68,-2.65,25.242,24.742,24.018,536297.52,448087.66,429015.56
2017-10-27,25.79,25.97,25.67,25.12,407667.03,0.15,0.59,25.274,24.668,23.838,527066.14,456915.71,412482.05
2017-10-26,24.82,26.24,25.52,24.79,714515.12,0.51,2.04,24.862,24.594,23.629,486453.85,478515.23,399686.27
2017-10-25,24.31,25.08,25.01,24.15,628094.19,-0.01,-0.04,24.438,24.434,23.448,421804.28,466679.92,373355.72
2017-10-24,25.14,25.17,25.02,24.43,435562.72,-0.13,-0.52,24.318,24.263,23.296,373691.67,440717.74,349780.94
2017-10-23,23.56,25.15,25.15,23.5,449491.62,1.54,6.52,24.242,24.147,23.137,359877.79,443964.66,342526.28
2017-10-20,23.25,23.73,23.61,23.2,204605.59,0.21,0.9,24.062,23.992,23.01,386765.27,455743.86,328042.61
2017-10-19,24.39,24.56,23.4,23.35,391267.28,-1.01,-4.14,24.326,23.882,22.954,470576.61,457050.0,329332.34
2017-10-18,24.55,25.19,24.41,24.11,387531.16,-0.23,-0.93,24.43,23.815,22.909,511555.56,453754.12,329879.48
2017-10-17,24.27,25.05,24.64,24.15,366493.28,0.39,1.61,24.208,23.581,22.831,507743.81,432324.4,337897.25
2017-10-16,24.83,25.24,24.25,24.25,583929.06,-0.68,-2.73,24.052,23.293,22.807,528051.52,409943.46,346812.42
2017-10-13,23.74,24.94,24.93,23.53,623662.25,1.01,4.22,23.922,23.007,22.764,524722.45,368048.4,335982.82
2017-10-12,23.62,24.4,23.92,23.42,596162.06,0.62,2.66,23.438,22.664,22.677,443523.4,320857.31,320643.51
2017-10-11,23.93,23.96,23.3,23.23,368472.41,-0.56,-2.35,23.2,22.462,22.621,395952.68,280031.52,305451.25
2017-10-10,23.72,24.1,23.86,23.4,468031.84,0.26,1.1,22.954,22.329,22.606,356905.0,258844.14,305919.32
2017-10-09,22.86,24.18,23.6,22.61,567283.69,1.09,4.84,22.534,22.127,22.561,291835.39,241087.9,299212.24
2017-09-29,22.65,22.8,22.51,22.4,217666.98,-0.22,-0.97,22.092,22.027,22.554,211374.36,200341.35,293331.0
2017-09-28,22.12,22.92,22.73,21.86,358308.47,0.66,2.99,21.89,22.025,22.616,198191.23,201614.68,301820.61
2017-09-27,21.89,22.19,22.07,21.68,173234.0,0.31,1.43,21.724,22.002,22.658,164110.35,206004.85,300000.41
2017-09-26,21.46,21.9,21.76,21.31,142683.8,0.37,1.73,21.704,22.08,22.732,160783.27,243470.1,324648.94
2017-09-25,21.5,21.93,21.39,21.39,164978.53,-0.11,-0.51,21.72,22.32,22.789,190340.41,283681.39,340514.76
2017-09-22,21.93,21.98,21.5,21.43,151751.34,-0.4,-1.83,21.962,22.52,22.836,189308.35,303917.24,357199.01
2017-09-21,22.12,22.44,21.9,21.88,187904.09,-0.07,-0.32,22.16,22.69,22.852,205038.12,320429.71,362406.99
2017-09-20,21.84,22.06,21.97,21.81,156598.61,0.13,0.59,22.28,22.78,22.858,247899.34,330870.99,364033.58
2017-09-19,22.73,22.73,21.84,21.7,290469.5,-0.76,-3.36,22.456,22.882,22.853,326156.93,352994.51,372295.06
2017-09-18,22.49,22.78,22.6,22.41,159818.19,0.11,0.49,22.92,22.995,22.869,377022.36,357336.58,374690.47
2017-09-15,22.38,22.79,22.49,22.01,230400.23,-0.01,-0.04,23.078,23.081,22.814,418526.13,386320.66,377755.6
2017-09-14,22.8,23.01,22.5,22.01,402210.19,-0.35,-1.53,23.22,23.207,22.774,435821.29,402026.55,376812.88
2017-09-13,24.12,24.12,22.85,22.77,547886.56,-1.31,-5.42,23.28,23.313,22.76,413842.64,393995.98,371184.02
2017-09-12,23.54,24.34,24.16,23.11,544796.62,0.77,3.29,23.308,23.383,22.702,379832.09,405827.78,352876.55
2017-09-11,23.23,23.86,23.39,23.1,367337.03,0.19,0.82,23.07,23.257,22.585,337650.79,397348.14,339444.11
2017-09-08,22.71,23.22,23.2,22.53,316876.03,0.4,1.75,23.084,23.151,22.487,354115.19,410480.78,338894.08
2017-09-07,22.88,23.28,22.8,22.65,292316.97,-0.19,-0.83,23.194,23.013,22.362,368231.8,404384.28,351477.33
2017-09-06,22.88,23.39,22.99,22.8,377833.81,0.02,0.09,23.346,22.935,22.322,374149.32,397196.16,352655.51
2017-09-05,23.46,23.5,22.97,22.96,333890.12,-0.49,-2.09,23.458,22.824,22.302,431823.47,391595.6,346027.17
2017-09-04,23.7,24.35,23.46,23.37,449659.0,-0.29,-1.22,23.444,22.743,22.29,457045.49,392044.36,347654.04
2017-09-01,23.5,24.02,23.75,23.32,387459.12,0.19,0.81,23.218,22.547,22.252,466846.37,369190.55,339716.79
2017-08-31,23.56,23.66,23.56,23.21,321904.53,0.01,0.04,22.832,22.34,22.187,440536.76,351599.21,333398.26
2017-08-30,22.95,23.91,23.55,22.7,666204.56,0.65,2.84,22.524,22.207,22.13,420243.0,348372.06,335390.51
2017-08-29,22.35,22.9,22.9,22.18,460000.25,0.57,2.55,22.19,22.021,22.083,351367.74,299925.33,324090.39
2017-08-28,22.0,22.78,22.33,21.67,498663.41,0.51,2.34,22.042,21.912,22.125,327043.23,281540.08,319909.44
2017-08-25,22.02,22.06,21.82,21.4,255911.05,-0.2,-0.91,21.876,21.823,22.209,271534.72,267307.39,320108.55
2017-08-24,21.87,22.23,22.02,21.62,220435.72,0.14,0.64,21.848,21.711,22.255,262661.66,298570.37,324105.29
2017-08-23,22.15,22.55,21.88,21.65,321828.28,-0.28,-1.26,21.89,21.709,22.301,276501.12,308114.86,338278.8
2017-08-22,21.41,22.22,22.16,21.21,338377.69,0.66,3.07,21.852,21.779,22.347,248482.91,300458.74,339718.76
2017-08-21,21.58,22.06,21.5,21.38,221120.84,-0.18,-0.83,21.782,21.837,22.36,236036.94,303263.71,345358.4
2017-08-18,21.99,22.11,21.68,21.5,211545.77,-0.55,-2.47,21.77,21.956,22.43,263080.06,310243.03,352261.69
2017-08-17,21.68,22.41,22.23,21.63,289633.03,0.54,2.49,21.574,22.034,22.489,334479.08,315197.3,369896.09
2017-08-16,21.76,21.91,21.69,21.45,181737.23,-0.12,-0.55,21.528,22.052,22.472,339728.6,322408.96,376016.83
2017-08-15,21.54,21.96,21.81,21.42,276147.81,0.37,1.73,21.706,22.145,22.489,352434.57,348255.45,396199.59
2017-08-14,20.75,21.66,21.44,20.7,356336.47,0.74,3.58,21.892,22.337,22.464,370490.49,358278.79,404969.71
2017-08-11,21.5,21.59,20.7,20.56,568540.88,-1.3,-5.91,22.142,22.595,22.376,357406.0,372909.71,403558.15
2017-08-10,22.52,22.85,22.0,21.82,315880.59,-0.58,-2.57,22.494,22.798,22.37,295915.52,349640.21,386870.81
2017-08-09,22.57,23.05,22.58,22.45,245267.08,-0.16,-0.7,22.576,22.893,22.3,305089.32,368442.74,390819.66
2017-08-08,22.66,22.79,22.74,21.78,366427.44,0.05,0.22,22.584,22.915,22.185,344076.33,378978.78,392516.89
2017-08-07,22.39,23.2,22.69,22.23,290914.03,0.23,1.02,22.782,22.882,22.051,346067.09,387453.08,391111.35
2017-08-04,22.4,22.8,22.46,22.11,261088.44,0.05,0.22,23.048,22.903,21.945,388413.41,394280.35,395832.49
2017-08-03,22.65,23.14,22.41,22.21,361749.59,-0.21,-0.93,23.102,22.943,21.897,403364.91,424594.88,406320.56
2017-08-02,23.85,23.99,22.62,22.57,440202.16,-1.11,-4.68,23.21,22.892,21.812,431796.17,429624.7,409233.99
2017-08-01,24.02,24.1,23.73,23.29,376381.25,-0.29,-1.21,23.246,22.832,21.714,413881.23,444143.74,402995.8
2017-07-31,22.75,24.15,24.02,22.55,502645.59,1.29,5.67,22.982,22.59,21.563,428839.06,451660.62,404661.54
2017-07-28,22.87,23.23,22.73,22.3,335845.97,-0.22,-0.96,22.758,22.157,21.395,400147.3,434206.6,402379.13
2017-07-27,22.65,23.36,22.95,22.03,503905.88,0.15,0.66,22.784,21.941,21.287,445824.85,424101.4,416715.02
2017-07-26,22.26,22.84,22.8,21.91,350627.44,0.45,2.01,22.574,21.706,21.129,427453.22,413196.59,416840.82
2017-07-25,22.82,23.4,22.41,22.03,451170.41,-0.49,-2.14,22.418,21.454,20.934,474406.24,406055.01,412767.33
2017-07-24,22.93,23.16,22.9,22.5,359186.81,0.04,0.17,22.198,21.22,20.772,474482.18,394769.62,406081.96
2017-07-21,21.96,23.35,22.86,21.96,564233.69,0.96,4.38,21.556,20.987,20.581,468265.91,397384.63,408906.04
2017-07-20,21.88,22.45,21.9,21.76,412047.75,-0.12,-0.55,21.098,20.851,20.352,402377.95,388046.25,391148.36
2017-07-19,21.25,22.3,22.02,21.05,585392.56,0.71,3.33,20.838,20.731,20.144,398939.95,388843.28,382021.38
2017-07-18,19.65,21.66,21.31,19.5,451550.09,1.62,8.23,20.49,20.596,19.962,337703.77,361847.87,362053.5
2017-07-17,20.36,20.5,19.69,19.23,328105.44,-0.88,-4.28,20.242,20.536,19.808,315057.06,357662.45,348730.42
2017-07-14,20.6,21.04,20.57,20.5,234793.91,-0.03,-0.15,20.418,20.632,19.728,326503.35,370551.65,339095.56
2017-07-13,20.5,21.1,20.6,20.33,394857.75,0.32,1.58,20.604,20.632,19.591,373714.54,409328.63,332667.33
2017-07-12,20.0,20.61,20.28,19.91,279211.66,0.21,1.05,20.624,20.552,19.458,378746.61,420485.05,321489.76
2017-07-11,20.47,20.48,20.07,19.93,338316.53,-0.5,-2.43,20.702,20.414,19.347,385991.98,419479.65,315769.08
2017-07-10,21.38,21.46,20.57,20.49,385336.88,-0.93,-4.33,20.83,20.324,19.247,400267.85,417394.31,309127.75
2017-07-07,20.79,21.55,21.5,20.52,470849.88,0.8,3.87,20.846,20.174,19.106,414599.95,420427.46,297652.95
2017-07-06,20.77,21.15,20.7,20.52,420018.12,0.03,0.14,20.66,19.852,18.925,444942.73,394250.47,283950.16
2017-07-05,20.6,20.78,20.67,20.36,315438.47,-0.04,-0.19,20.48,19.557,18.787,462223.48,375199.48,279124.58
2017-07-04,20.86,20.96,20.71,20.14,409695.88,0.06,0.29,20.126,19.327,18.632,452967.33,362259.13,276048.11
2017-07-03,20.71,21.04,20.65,20.33,456997.41,0.08,0.39,19.818,19.08,18.449,434520.77,339798.39,260765.32
2017-06-30,19.85,20.72,20.57,19.85,622563.75,0.77,3.89,19.502,18.824,18.264,426254.97,307639.47,245803.1
2017-06-29,19.02,20.15,19.8,19.01,506421.91,0.9,4.76,19.044,18.549,18.079,343558.2,256006.03,223627.53
2017-06-28,19.01,19.42,18.9,18.77,269157.69,-0.27,-1.41,18.634,18.364,17.906,288175.47,222494.47,207811.82
2017-06-27,19.11,19.43,19.17,18.93,317463.09,0.1,0.52,18.528,18.279,17.788,271550.93,212058.51,203341.62
2017-06-26,18.29,19.22,19.07,18.22,415668.41,0.79,4.32,18.342,18.17,17.666,245076.01,200861.2,195812.46
2017-06-23,17.7,18.36,18.28,17.65,209079.92,0.53,2.99,18.146,18.037,17.56,189023.96,174878.43,187718.08
2017-06-22,18.4,18.64,17.75,16.54,229508.23,-0.62,-3.38,18.054,17.998,17.494,168453.85,173649.86,191666.05
2017-06-21,18.3,18.62,18.37,18.14,186034.98,0.13,0.71,18.094,18.017,17.427,156813.47,183049.68,200561.64
2017-06-20,18.17,18.4,18.24,18.08,185088.5,0.15,0.83,18.03,17.936,17.398,152566.09,189837.1,204193.38
2017-06-19,17.83,18.17,18.09,17.82,135408.17,0.27,1.51,17.998,17.817,17.402,156646.39,181732.24,206888.99
2017-06-16,17.86,18.01,17.82,17.72,106229.39,-0.13,-0.72,17.928,17.703,17.436,160732.9,183966.73,215692.55
2017-06-15,18.06,18.29,17.95,17.86,171306.3,-0.1,-0.55,17.942,17.609,17.489,178845.87,191249.03,225336.45
2017-06-14,18.0,18.35,18.05,17.81,164798.08,-0.03,-0.17,17.94,17.447,17.542,209285.9,193129.16,244850.59
2017-06-13,17.68,18.23,18.08,17.64,205490.0,0.34,1.92,17.842,17.296,17.542,227108.1,194624.74,248563.04
2017-06-12,17.83,17.88,17.74,17.56,155840.72,-0.15,-0.84,17.636,17.161,17.535,206818.1,190763.73,250507.18
2017-06-09,17.99,18.07,17.89,17.6,196794.27,-0.05,-0.28,17.478,17.083,17.55,207200.57,200557.72,261401.57
2017-06-08,17.53,18.15,17.94,17.5,323506.41,0.38,2.16,17.276,16.99,17.53,203652.18,209682.24,271665.59
2017-06-07,17.08,17.75,17.56,17.05,253909.12,0.51,2.99,16.954,16.837,17.53,176972.43,218073.6,274808.64
2017-06-06,16.96,17.13,17.05,16.9,104039.98,0.1,0.59,16.75,16.86,17.51,162141.37,218549.65,275845.76
2017-06-05,16.95,17.25,16.95,16.89,157753.05,0.07,0.41,16.686,16.986,17.524,174709.36,232045.74,282429.59
2017-06-02,16.33,16.88,16.88,16.3,179052.36,0.55,3.37,16.688,17.168,17.538,193914.88,247418.37,287691.95
2017-06-01,16.45,16.81,16.33,16.28,190107.64,-0.21,-1.27,16.704,17.368,17.582,215712.29,259423.87,296107.15
2017-05-31,17.01,17.07,16.54,16.5,179753.8,-0.19,-1.14,16.72,17.636,17.638,259174.76,296572.02,299259.34
2017-05-26,16.9,17.14,16.73,16.69,166879.94,-0.23,-1.36,16.97,17.787,17.672,274957.94,302501.35,303395.32
2017-05-25,16.9,17.12,16.96,16.46,253780.64,0.0,0.0,17.286,17.908,17.705,289382.13,310250.63,318144.98
2017-05-24,16.2,17.15,16.96,16.16,288039.44,0.55,3.35,17.648,18.017,17.728,300921.86,322245.42,324499.18
2017-05-23,17.81,17.87,16.41,16.36,407420.0,-1.38,-7.76,18.032,18.07,17.672,303135.45,333648.93,317347.08
2017-05-22,18.32,18.51,17.79,17.69,258669.69,-0.52,-2.84,18.552,18.223,17.628,333969.28,331543.68,308237.62
2017-05-19,18.7,19.02,18.31,18.23,239000.88,-0.46,-2.45,18.604,18.159,17.551,330044.75,333141.86,307799.61
2017-05-18,18.84,19.24,18.77,18.62,311479.31,-0.11,-0.58,18.53,18.062,17.425,331119.12,332813.44,301585.21
2017-05-17,18.96,19.12,18.88,18.74,299107.38,-0.13,-0.68,18.386,17.908,17.273,343568.98,327965.53,293945.97
2017-05-16,17.92,19.11,19.01,17.74,561589.12,0.96,5.32,18.108,17.796,17.131,364162.42,332790.42,285233.63
2017-05-15,17.96,18.11,18.05,17.63,239047.08,0.11,0.61,17.894,17.639,16.99,329118.08,301946.66,265325.98
2017-05-12,18.05,18.13,17.94,17.74,244372.73,-0.11,-0.61,17.714,17.557,16.934,336238.96,304289.3,260599.41
2017-05-11,17.57,18.06,18.05,17.42,373728.59,0.56,3.2,17.594,17.501,16.902,334507.76,326039.34,256541.1
2017-05-10,17.78,18.14,17.49,17.49,402074.56,-0.45,-2.51,17.43,17.438,16.871,312362.08,326752.94,250860.99
2017-05-09,16.99,17.95,17.94,16.71,386367.44,0.79,4.61,17.484,17.273,16.853,301418.43,301045.23,242917.62
2017-05-08,17.37,17.88,17.15,17.06,274651.5,-0.19,-1.1,17.384,17.033,16.824,274775.24,284931.57,232050.35
2017-05-05,17.06,17.73,17.34,17.01,235716.72,0.11,0.64,17.4,16.942,16.829,272339.63,282457.36,226248.47
2017-05-04,17.56,17.7,17.23,17.23,263000.19,-0.53,-2.98,17.408,16.788,16.829,317570.91,270356.98,226513.34
2017-05-03,17.37,17.88,17.76,17.31,347356.31,0.32,1.83,17.446,16.638,16.85,341143.79,259926.4,224948.79
2017-05-02,17.23,17.57,17.44,17.18,253151.48,0.21,1.22,17.062,16.465,16.817,300672.02,237676.83,217124.24
2017-04-28,17.33,17.69,17.23,17.14,262473.44,-0.15,-0.86,16.682,16.341,16.801,295087.9,228705.31,226325.35
2017-04-27,17.19,17.49,17.38,16.9,461873.12,-0.04,-0.23,16.484,16.31,16.885,292575.1,216909.53,233098.08
2017-04-26,15.86,17.42,17.42,15.86,380864.62,1.58,9.97,16.168,16.302,17.003,223143.06,187042.86,229998.22
2017-04-25,15.7,15.95,15.84,15.48,144997.45,0.3,1.93,15.83,16.303,17.107,178709.01,174969.04,241125.99
2017-04-24,16.13,16.15,15.54,15.38,225230.88,-0.7,-4.31,15.868,16.433,17.327,174681.63,184790.0,281533.47
2017-04-21,16.1,16.44,16.24,16.1,249909.41,0.44,2.79,16.0,16.614,17.585,162322.71,179169.12,293786.87
2017-04-20,15.79,15.89,15.8,15.59,114712.92,0.07,0.45,16.136,16.716,17.714,141243.96,170039.59,288852.49
2017-04-19,16.0,16.0,15.73,15.48,158694.38,-0.3,-1.87,16.436,16.869,17.887,150942.65,182669.7,289374.84
2017-04-18,16.2,16.36,16.03,15.92,124860.58,-0.17,-1.05,16.776,17.061,18.068,171229.07,189971.18,293732.52
2017-04-17,16.92,16.95,16.2,16.01,163436.28,-0.72,-4.25,16.998,17.169,18.252,194898.37,196571.64,305239.57
2017-04-14,17.27,17.31,16.92,16.88,144515.62,-0.38,-2.2,17.228,17.261,18.401,196015.53,223945.39,303780.33
2017-04-13,17.5,17.55,17.3,17.23,163206.41,-0.13,-0.75,17.296,17.459,18.513,198835.22,249286.63,304421.28
2017-04-12,17.25,17.65,17.43,17.16,260126.48,0.29,1.69,17.302,17.704,18.605,214396.74,272953.58,306158.39
2017-04-11,17.35,17.45,17.14,16.83,243207.08,-0.21,-1.21,17.346,17.91,18.683,208713.28,307282.94,300166.36
2017-04-10,17.24,17.45,17.35,17.13,169022.06,0.09,0.52,17.34,18.221,18.786,198244.91,378276.93,302417.64
2017-04-07,17.31,17.54,17.26,17.16,158614.05,-0.07,-0.4,17.294,18.556,18.866,251875.25,408404.61,302794.86
2017-04-06,17.58,17.58,17.33,17.16,241014.05,-0.32,-1.81,17.622,18.712,18.933,299738.04,407665.4,299922.29
2017-04-05,17.36,17.76,17.65,17.19,231709.16,0.54,3.16,18.106,18.905,18.991,331510.42,396079.99,297541.92
2017-03-31,17.01,17.4,17.11,17.0,190865.23,-0.01,-0.06,18.474,19.075,19.062,405852.6,397493.86,292439.83
2017-03-30,18.73,18.79,17.12,17.06,437173.75,-1.78,-9.42,19.102,19.334,19.146,558308.94,413907.5,287095.91
2017-03-29,19.55,19.63,18.9,18.88,397928.0,-0.85,-4.3,19.818,19.541,19.226,564933.98,383615.27,270967.29
2017-03-28,19.38,20.1,19.75,19.32,399875.97,0.26,1.33,19.802,19.566,19.242,515592.76,359555.94,258030.41
2017-03-27,20.08,20.38,19.49,19.26,603420.06,-0.76,-3.75,19.704,19.506,19.217,460649.55,339363.2,245009.76
2017-03-24,20.69,21.45,20.25,19.92,953146.94,-0.45,-2.17,19.676,19.455,19.21,389135.11,293049.78,225022.21
2017-03-23,20.7,20.7,20.7,20.3,470298.91,1.88,9.99,19.566,19.35,19.157,269506.06,226558.35,184907.11
2016-09-09,19.24,19.24,18.82,18.81,151221.92,-0.44,-2.29,19.264,19.175,19.078,202296.56,197185.1,171244.04
2016-09-08,19.35,19.41,19.26,19.15,125159.91,-0.09,-0.47,19.33,19.153,19.073,203519.11,192179.19,169197.38
2016-09-07,19.5,19.68,19.35,19.3,245847.88,-0.35,-1.78,19.308,19.076,19.035,218076.84,199003.86,171992.33
2016-09-06,19.25,19.7,19.7,18.83,355001.69,0.51,2.66,19.234,19.048,19.018,196964.44,187385.81,166245.76
2016-09-05,19.29,19.34,19.19,19.1,134251.41,0.04,0.21,19.134,18.958,18.991,183610.63,160284.31,155659.76
2016-09-02,19.06,19.25,19.15,18.82,157334.67,0.0,0.0,19.086,18.911,18.979,192073.64,158319.32,156805.89
2016-09-01,19.01,19.39,19.15,18.99,197948.56,0.17,0.9,18.976,18.918,18.957,180839.26,156504.89,156284.97
2016-08-31,19.14,19.18,18.98,18.78,140285.89,-0.22,-1.15,18.844,18.928,18.951,179930.87,150656.32,155172.92
2016-08-30,19.01,19.43,19.2,18.95,288232.62,0.25,1.32,18.862,18.965,18.94,177807.18,156994.64,155717.85
2016-08-29,18.6,19.48,18.95,18.48,176566.48,0.35,1.88,18.782,18.963,18.92,136958.0,143255.87,146807.91
2016-08-26,18.6,18.7,18.6,18.4,101162.75,0.11,0.59,18.736,18.981,18.903,124564.99,145302.98,148309.75
2016-08-25,18.8,18.8,18.49,18.27,193406.62,-0.58,-3.04,18.86,18.993,18.938,132170.52,146215.58,153956.21
2016-08-24,18.8,19.2,19.07,18.75,129667.41,0.27,1.44,19.012,18.994,18.995,121381.76,144980.81,157232.16
2016-08-23,18.7,18.84,18.8,18.61,83986.72,0.08,0.43,19.068,18.987,19.049,136182.1,145105.7,175641.55
2016-08-22,19.2,19.27,18.72,18.71,114601.47,-0.5,-2.6,19.144,19.024,19.205,149553.75,151035.2,189333.25
2016-08-19,19.28,19.45,19.22,19.03,139190.38,0.03,0.16,19.226,19.046,19.361,166040.96,155292.47,202425.51
2016-08-18,19.3,19.39,19.25,19.18,139462.83,-0.1,-0.52,19.126,18.996,19.484,160260.64,156065.04,219649.34
2016-08-17,19.18,19.52,19.35,19.06,203669.09,0.17,0.89,18.976,18.974,19.582,168579.85,159689.53,227628.48
2016-08-16,19.11,19.4,19.18,19.1,150844.97,0.05,0.26,18.906,18.914,19.664,154029.31,154441.06,226671.74
2016-08-15,18.8,19.34,19.13,18.65,197037.52,0.41,2.19,18.904,18.876,19.755,152516.65,150359.95,228263.83
2016-08-12,18.6,18.74,18.72,18.41,110288.81,0.22,1.19,18.866,18.825,19.832,144543.98,151316.52,229650.96
2016-08-11,18.97,18.97,18.5,18.46,181058.86,-0.5,-2.63,18.866,18.883,19.954,151869.44,161696.83,236000.93
2016-08-10,19.17,19.32,19.0,19.0,130916.38,-0.17,-0.89,18.972,18.996,20.105,150799.2,169483.5,238689.28
2016-08-09,18.89,19.18,19.17,18.8,143281.7,0.23,1.21,18.922,19.111,20.233,154852.81,206177.4,250905.94
2016-08-08,18.6,18.94,18.94,18.27,157174.16,0.22,1.18,18.848,19.386,20.325,148203.25,227631.3,260525.92
2016-08-05,18.99,19.03,18.72,18.67,146916.11,-0.31,-1.63,18.784,19.675,20.436,158089.05,249558.55,279293.22
2016-08-04,18.9,19.14,19.03,18.78,175707.66,0.28,1.49,18.9,19.971,20.552,171524.22,283233.64,285899.52
2016-08-03,18.76,19.04,18.75,18.64,151184.41,-0.05,-0.27,19.02,20.189,20.647,188167.81,295567.43,298616.65
2016-08-02,18.62,18.89,18.8,18.6,110033.92,0.18,0.97,19.3,20.413,20.725,257501.99,298902.41,301639.81
2016-08-01,19.27,19.27,18.62,18.08,206603.17,-0.68,-3.52,19.924,20.634,20.812,307059.34,306167.7,306727.98
2016-07-29,19.41,19.82,19.3,19.1,214091.94,-0.33,-1.68,20.566,20.838,20.903,341028.05,307985.41,306049.47
2016-07-28,20.15,20.31,19.63,19.29,258925.59,-0.52,-2.58,21.042,21.024,20.95,394943.06,310305.03,308657.57
2016-07-27,21.81,21.95,20.15,20.0,497855.34,-1.77,-8.07,21.358,21.214,21.012,402967.04,307895.05,309008.04
2016-07-26,21.83,22.13,21.92,21.6,357820.66,0.09,0.41,21.526,21.354,21.061,340302.84,295634.47,297130.95
2016-07-25,21.51,22.16,21.83,21.51,376446.72,0.15,0.69,21.344,21.263,21.03,305276.07,293420.55,296790.58
2016-07-22,21.01,21.97,21.68,20.91,483667.0,0.47,2.22,21.11,21.197,20.992,274942.76,309027.89,292791.29
2016-07-21,20.88,21.58,21.21,20.75,299045.5,0.22,1.05,21.006,21.133,20.929,225666.99,288565.41,287112.02
2016-07-20,20.97,21.2,20.99,20.66,184534.3,-0.02,-0.1,21.07,21.105,20.914,212823.06,301665.88,286733.58
2016-07-19,20.66,21.06,21.01,20.49,182686.81,0.35,1.69,21.182,21.037,20.931,250966.11,304377.21,300729.23
2016-07-18,21.06,21.06,20.66,20.47,224780.19,-0.5,-2.36,21.182,20.99,20.905,281565.03,307288.25,314138.93
2016-07-15,21.6,21.87,21.16,21.11,237288.16,-0.37,-1.72,21.284,20.968,20.936,343113.01,304113.53,327512.49
2016-07-14,21.41,21.8,21.53,21.25,234825.84,-0.02,-0.09,21.26,20.875,20.888,351463.82,307010.12,331340.66
2016-07-13,21.09,21.82,21.55,21.02,375249.56,0.54,2.57,21.14,20.809,20.821,390508.71,310121.03,341233.7
2016-07-12,21.07,21.2,21.01,20.38,335681.38,-0.16,-0.76,20.892,20.767,20.753,357788.3,298627.42,343388.4
2016-07-11,22.11,22.52,21.17,21.16,532520.12,0.13,0.62,20.798,20.796,20.666,333011.47,300160.62,341978.26
2016-07-08,20.97,21.1,21.04,20.52,279042.22,0.11,0.53,20.652,20.786,20.576,265114.05,276554.7,341880.26
2016-07-07,20.5,21.1,20.93,20.43,430050.25,0.62,3.05,20.49,20.724,20.599,262556.42,285658.63,347137.66
2016-07-06,20.58,20.65,20.31,20.06,211647.55,-0.23,-1.12,20.478,20.723,20.636,229733.35,271801.28,342091.27
2016-07-05,20.4,20.8,20.54,20.25,211797.23,0.1,0.49,20.642,20.825,20.716,239466.53,297081.26,351516.22
2016-07-04,20.02,20.62,20.44,20.0,193033.02,0.21,1.04,20.794,20.82,20.776,267309.77,320989.61,370522.19
2016-07-01,20.71,20.97,20.23,20.21,266254.03,-0.64,-3.07,20.92,20.904,20.869,287995.35,350911.45,398744.54
2016-06-30,21.21,21.38,20.87,20.61,265934.94,-0.26,-1.23,20.958,20.9,20.921,308760.85,355671.2,420098.65
2016-06-29,21.45,21.49,21.13,20.95,260313.44,-0.17,-0.8,20.968,20.833,20.935,313869.2,372346.38,439395.83
2016-06-28,20.9,21.47,21.3,20.63,351013.41,0.23,1.09,21.008,20.739,20.866,354695.99,388149.38,451980.19
2016-06-27,20.2,21.2,21.07,20.19,296460.91,0.65,3.18,20.846,20.536,20.829,374669.45,383795.9,478837.25
2016-06-24,20.79,21.05,20.42,19.2,370081.53,-0.5,-2.39,20.888,20.365,20.793,413827.56,407205.83,504174.7
2016-06-23,21.28,21.28,20.92,20.61,291476.72,-0.41,-1.92,20.842,20.474,20.752,402581.55,408616.7,512012.03
2016-06-22,20.65,21.51,21.33,20.5,464447.38,0.84,4.1,20.698,20.549,20.673,430823.55,412381.27,519263.96
2016-06-21,21.34,21.44,20.49,20.31,450880.69,-0.79,-3.71,20.47,20.606,20.597,421602.78,405951.18,524542.46
2016-06-20,20.15,21.42,21.28,20.03,492251.47,1.09,5.4,20.226,20.732,20.558,392922.34,420054.76,541007.27
2016-06-17,20.23,20.55,20.19,19.86,313851.5,-0.01,-0.05,19.842,20.834,20.466,400584.1,446577.64,562169.87
2016-06-16,20.0,20.88,20.2,19.91,432686.72,0.01,0.05,20.106,20.942,20.348,414651.84,484526.09,563151.6
2016-06-15,18.9,20.39,20.19,18.82,418343.5,0.92,4.77,20.4,21.037,20.273,393938.98,506445.28,561510.62
2016-06-14,19.01,19.32,19.27,18.84,307478.53,-0.09,-0.47,20.742,20.993,20.216,390299.59,515811.0,563794.84
2016-06-13,20.98,21.16,19.36,19.36,530560.25,-2.15,-9.99,21.238,21.121,20.162,447187.18,573878.6,568924.6
2016-06-08,21.66,22.04,21.51,21.32,384190.22,-0.16,-0.74,21.826,21.22,20.098,492571.17,601143.58,563402.58
2016-06-07,21.75,21.99,21.67,21.3,329122.41,-0.23,-1.05,21.778,21.03,19.94,554400.34,615407.37,565112.14
2016-06-06,22.05,22.21,21.9,21.47,400146.53,0.15,0.69,21.674,20.797,19.783,618951.57,626146.66,569211.97
2016-06-03,22.07,22.11,21.75,21.4,591916.5,-0.55,-2.47,21.244,20.587,19.635,641322.41,643133.74,580367.5
2016-06-02,21.25,22.44,22.3,21.05,757480.19,1.03,4.84,21.004,20.383,19.485,700570.01,661959.78,581782.34
2016-06-01,21.5,22.1,21.27,20.96,693336.06,0.12,0.57,20.614,20.098,19.36,709715.99,677762.11,578497.71
2016-05-31,19.93,21.3,21.15,19.93,651878.56,1.4,7.09,20.282,19.754,19.295,676414.4,641777.11,596860.99
2016-05-30,20.03,20.33,19.75,19.69,512000.75,-0.8,-3.89,19.92,19.508,19.174,633341.75,616575.97,584537.99
2016-05-27,20.37,21.48,20.55,20.0,888154.5,0.2,0.98,19.93,19.439,19.099,644945.06,611778.69,581365.02
2016-05-26,19.35,20.5,20.35,19.3,803210.06,0.74,3.77,19.762,19.202,18.946,623349.55,563970.6,550735.52
2016-05-25,19.54,19.77,19.61,19.1,526828.12,0.27,1.4,19.582,18.975,18.77,645808.22,525661.58,520692.53
2016-05-24,19.66,19.67,19.34,18.89,436515.31,-0.46,-2.32,19.226,18.849,18.654,607139.81,514816.92,502243.84
2016-05-23,19.76,19.95,19.8,19.28,570017.31,0.09,0.46,19.096,18.769,18.527,599810.2,512277.29,486548.78
2016-05-20,18.97,19.95,19.71,18.8,780176.94,0.26,1.34,18.948,18.682,18.392,578612.31,517601.26,466690.93
2016-05-19,18.5,19.61,19.45,18.37,915503.44,1.62,9.09,18.642,18.586,18.248,504591.64,501604.89,437159.42
2016-05-18,18.4,18.47,17.83,17.37,333486.06,-0.86,-4.6,18.368,18.621,18.138,405514.94,479233.31,411486.61
2016-05-17,18.99,19.16,18.69,18.6,399867.25,-0.37,-1.94,18.472,18.836,18.134,422494.03,551944.87,405907.07
2016-05-16,18.28,19.13,19.06,18.12,464027.88,0.88,4.84,18.442,18.84,18.069,424744.38,552500.01,398196.07
2016-05-13,17.86,18.63,18.18,17.81,410073.59,0.1,0.55,18.416,18.758,18.019,456590.21,550951.36,387102.05
2016-05-12,17.6,18.32,18.08,17.15,420119.94,-0.27,-1.47,18.53,18.69,18.03,498618.14,537500.44,378740.86
2016-05-11,18.71,18.96,18.35,18.21,418381.47,-0.19,-1.02,18.874,18.565,18.036,552951.68,515723.47,372407.62
2016-05-10,18.78,18.94,18.54,18.01,411119.0,-0.39,-2.06,19.2,18.458,18.013,681395.71,489670.76,362977.88
2016-05-09,18.9,19.5,18.93,18.65,623257.06,0.18,0.96,19.238,18.284,18.005,680255.65,460820.28,354334.79
2016-05-06,19.6,20.0,18.75,18.75,620213.25,-1.05,-5.3,19.1,18.101,17.957,645312.51,415780.6,336224.64
2016-05-05,19.95,19.95,19.8,19.27,691787.62,-0.18,-0.9,18.85,17.909,17.94,576382.74,372713.95,324578.45
2016-05-04,18.9,20.6,19.98,18.83,1060601.62,1.25,6.67,18.256,17.655,17.902,478495.25,343739.92,305916.38
2016-05-03,18.13,18.95,18.73,17.91,405418.69,0.49,2.69,17.716,17.431,17.861,297945.8,259869.28,276979.2
2016-04-29,17.28,18.68,18.24,17.21,448541.38,0.74,4.23,17.33,17.298,17.844,241384.91,243892.13,280849.53
2016-04-28,16.84,17.57,17.5,16.75,275564.38,0.67,3.98,17.102,17.279,17.879,186248.69,223252.75,286234.08
2016-04-27,17.21,17.5,16.83,16.74,202350.19,-0.45,-2.6,16.968,17.369,17.864,169045.16,219981.28,282762.54
2016-04-26,16.85,17.29,17.28,16.81,157854.36,0.48,2.86,17.054,17.507,17.847,208984.58,229091.77,281949.75
2016-04-25,16.92,17.0,16.8,16.6,122614.25,-0.3,-1.75,17.146,17.567,17.825,221792.75,236285.0,289500.17
2016-04-22,16.7,17.25,17.1,16.56,172860.27,0.27,1.6,17.266,17.725,17.852,246399.36,247849.31,299079.54
2016-04-21,16.99,17.39,16.83,16.77,189546.75,-0.43,-2.49,17.456,17.813,17.822,260256.8,256668.68,302647.55
2016-04-20,17.86,18.39,17.26,16.66,402047.28,-0.48,-2.71,17.77,17.97,17.833,270917.39,276442.94,302008.86
2016-04-19,17.55,17.82,17.74,17.5,221895.2,0.34,1.95,17.96,18.149,17.821,249198.96,268092.83,293517.44
2016-04-18,17.96,17.97,17.4,17.15,245647.28,-0.65,-3.6,17.988,18.29,17.825,250777.26,294089.13,297287.03
2016-04-15,18.35,18.35,18.05,17.89,242147.5,-0.35,-1.9,18.184,18.39,17.848,249299.26,317806.93,300155.91
2016-04-14,18.2,18.46,18.4,18.01,242849.67,0.19,1.04,18.17,18.478,17.836,253080.55,349215.42,303568.16
2016-04-13,18.05,18.6,18.21,18.05,293455.16,0.33,1.85,18.17,18.359,17.801,281968.49,345543.81,307363.07
2016-04-12,18.29,18.34,17.88,17.6,229786.67,-0.5,-2.72,18.338,18.186,17.774,286986.71,334807.73,308290.26
2016-04-11,18.28,18.69,18.38,18.13,238257.28,0.4,2.23,18.592,18.083,17.766,337401.0,342715.34,313897.66
2016-04-08,18.21,18.39,17.98,17.55,261053.98,-0.42,-2.28,18.596,17.978,17.719,386314.6,350309.76,319716.16
2016-04-07,19.18,19.7,18.4,18.4,387289.38,-0.65,-3.41,18.786,17.83,17.698,445350.29,348626.43,324604.67
2016-04-06,18.9,19.17,19.05,18.55,318546.22,-0.1,-0.52,18.548,17.695,17.634,409119.12,327574.78,318906.06
2016-04-05,18.33,19.4,19.15,18.3,481858.12,0.75,4.08,18.034,17.492,17.492,382628.76,318942.04,318942.04
2016-04-01,19.2,19.2,18.4,18.23,482825.28,-0.53,-2.8,17.574,17.308,17.308,348029.68,300840.26,300840.26
2016-03-31,17.35,18.93,18.93,17.18,556232.44,1.72,9.99,17.36,17.171,17.171,314304.93,278092.13,278092.13
2016-03-30,16.73,17.21,17.21,16.64,206133.52,0.73,4.43,16.874,16.92,16.92,251902.57,238357.8,238357.8
2016-03-29,16.9,16.98,16.48,16.25,186094.45,-0.37,-2.2,16.842,16.872,16.872,246030.43,243728.51,243728.51
2016-03-28,17.64,17.82,16.85,16.75,308862.69,-0.48,-2.77,16.95,16.95,16.95,255255.33,255255.33,255255.33
2016-03-25,16.4,17.35,17.33,16.4,314201.56,0.83,5.03,16.975,16.975,16.975,241853.49,241853.49,241853.49
2016-03-24,16.85,16.9,16.5,16.5,244220.61,-0.55,-3.23,16.857,16.857,16.857,217737.46,217737.46,217737.46
2016-03-23,16.92,17.2,17.05,16.75,176772.86,0.03,0.18,17.035,17.035,17.035,204495.89,204495.89,204495.89
2016-03-22,17.0,17.29,17.02,16.91,232218.91,-0.3,-1.73,17.02,17.02,17.02,232218.91,232218.91,232218.91
